-9999,2000,2001,2002,2003,2004,2005,2006,2007,2008,2009,2010,2011,2012,2013,2014,2015
1,1.8925,1.5257,0.67776,1.8011,1.2707,1.5339,0.92037,1.3251,0.98464,1.3517,1.7814,1.4045,0,0,0,0
2,1.3478,0.99749,0.32086,1.2577,0.64354,1.0434,0.42987,0.92852,0.664,0.94722,1.2529,0.92887,0,0,0,0
3,0.86614,0.69606,0.51138,0.64431,0.76233,0.56414,0.4356,0.5486,0.82879,0.53256,1.2348,0.95466,0,0,0,0
4,0.9225,0.50347,0.30276,0.40123,0.37316,0.57654,0.5049,0.48652,0.33788,0.33572,0.8638,0.84526,0,0,0,0
5,1.2875,1.5138,0.85794,1.2246,1.49,1.1976,1.1519,1.0726,1.325,1.0124,1.6027,1.5814,0,0,0,0
6,2.9174,2.4547,1.4361,2.9706,2.2731,2.6351,1.2486,1.8216,1.9062,1.8529,2.6971,2.5695,0,0,0,0
7,2.9071,2.4622,1.3233,2.5657,2.1539,2.4548,1.4668,2.0407,1.6921,1.877,2.6985,2.6341,0,0,0,0
8,2.094,1.2561,0.51477,1.4528,1.3396,1.3631,0.9044,1.1338,1.3775,0.99368,2.001,1.096,0,0,0,0
9,0.64103,0.34058,0.23833,0.30515,0.26828,0.35761,0.31848,0.31267,0.2766,0.26021,0.53673,0.56664,0,0,0,0
10,1.9741,1.101,0.60343,1.9782,1.2359,1.7229,0.5406,1.0714,0.59839,0.91849,1.9576,1.4586,0,0,0,0
11,3.1269,2.9418,1.9396,2.9928,2.6486,3.0166,2.0602,2.1468,2.2582,2.1105,2.9045,3.0606,0,0,0,0
12,1.5741,1.644,0.8079,1.5228,1.6209,1.4091,1.17,1.3009,1.4588,0.99941,1.7742,1.5877,0,0,0,0
13,3.7001,3.8121,3.0124,2.6385,3.0307,3.5873,2.6705,2.6884,3.1487,2.7976,3.5826,3.9949,0,0,0,0
14,1.9631,1.2959,0.6742,1.2272,1.0279,1.4572,0.62727,0.938,0.90143,0.85373,1.8066,1.3191,0,0,0,0
15,2.0985,1.7559,0.80824,2.0614,1.425,1.708,1.0005,1.4746,1.0913,1.3695,2.0305,1.6933,0,0,0,0
16,0.90213,0.78312,0.4352,0.80213,0.53978,0.71667,0.53564,0.63486,0.51438,0.59408,0.78129,0.78573,0,0,0,0
17,2.2608,1.4797,0.79197,1.5952,1.2335,1.4678,0.71469,1.2041,1.2323,0.95227,2.0171,1.272,0,0,0,0
18,0.93181,0.75595,0.40842,0.7067,0.52225,0.65095,0.44709,0.62648,0.50113,0.55835,0.79389,0.87618,0,0,0,0
19,0.64643,0.52045,0.29205,0.44154,0.3556,0.45439,0.38776,0.41161,0.33433,0.3296,0.54154,0.67562,0,0,0,0
20,0.71746,0.68404,0.43277,0.62926,0.79518,0.75444,0.39742,0.47612,0.75251,0.52828,1.2083,0.92513,0,0,0,0
21,1.6981,1.186,0.55965,1.8821,1.166,1.5115,0.6282,1.0543,0.67849,0.94511,1.8345,1.4301,0,0,0,0
22,2.4663,2.029,1.4354,1.8467,1.6297,2.0591,1.1012,1.6205,1.4648,1.4575,2.3543,2.1474,0,0,0,0
23,2.0114,1.8059,0.83733,1.6832,1.7857,1.6937,1.226,1.547,1.7795,1.2003,2.1357,1.7365,0,0,0,0
24,3.5052,3.609,2.985,2.8617,3.1326,3.5909,2.6716,2.3095,3.093,2.8096,3.5061,3.8238,0,0,0,0
25,0.48243,0.24764,0.17816,0.17256,0.19461,0.16803,0.14621,0.17794,0.22325,0.15203,0.41273,0.34894,0,0,0,0
26,3.5812,3.7164,3.1274,2.2735,2.9648,3.3246,2.6242,2.6917,3.043,2.7981,3.4642,3.7549,0,0,0,0
27,0.80047,0.58375,0.43221,0.46025,0.54607,0.40197,0.36413,0.46087,0.78939,0.43555,1.1931,0.86994,0,0,0,0
28,1.7139,1.6715,0.77117,1.78,1.2197,1.5287,0.74304,1.3388,1.1542,1.3562,1.5995,1.4488,0,0,0,0
29,2.3731,2.6175,2.8733,2.6405,2.8172,3.0319,2.7452,2.7878,2.4416,2.7798,2.7717,2.7594,0,0,0,0
30,5.4347,5.7171,3.9355,5.3749,5.7299,5.8118,6.1341,4.873,5.6341,5.1748,5.365,5.6838,0,0,0,0
31,2.3011,2.4298,2.2122,2.0396,2.0481,2.2035,1.7049,1.6651,1.6725,1.737,2.104,2.3668,0,0,0,0
32,2.0862,1.8401,1.5991,1.6479,1.9618,1.8687,1.8554,1.856,1.7829,1.7435,2.1444,1.6799,0,0,0,0
33,2.9967,2.9254,2.1644,2.8065,2.3574,2.5517,2.2665,2.4468,2.2789,2.3318,2.3586,2.4704,0,0,0,0
34,1.0248,0.96752,0.68093,0.97607,0.89019,0.94698,0.90658,0.90895,0.78307,0.88556,0.80383,0.81027,0,0,0,0
35,0.8306,0.68129,0.69992,0.85536,0.80172,0.89534,0.32727,0.36121,0.67167,0.67809,0.52798,0.92371,0,0,0,0
36,1.004,0.9209,0.60706,0.6396,0.91965,0.56471,0.99357,0.85846,0.77046,0.79961,0.74202,1.0207,0,0,0,0
37,0.28337,0.25199,0.22518,0.21949,0.23588,0.19608,0.20578,0.2122,0.17248,0.21156,0.24445,0.29334,0,0,0,0
38,3.972,3.9496,3.1425,3.5957,4.0875,4.294,4.1207,4.1194,4.1103,3.6886,4.3145,4.4893,0,0,0,0
39,3.3364,3.0935,2.0001,2.6563,2.6215,2.6402,1.7711,2.7859,3.0877,2.1648,3.1506,2.8606,0,0,0,0
40,3.1954,2.5221,2.7186,3.1232,2.6337,2.8085,3.1588,3.061,2.77,2.804,2.9298,3.1222,0,0,0,0
41,1.2447,1.1108,0.78755,0.78238,0.97459,0.83577,1.168,1.022,0.83513,0.8209,1.1864,1.2445,0,0,0,0
42,0.94173,0.89072,0.67926,0.49895,0.73893,0.61639,0.76625,0.75735,0.66884,0.69211,0.78697,0.94269,0,0,0,0
43,3.4823,3.1156,3.1565,3.1502,3.0223,3.4324,3.1668,3.0658,3.4219,2.8613,3.1206,2.986,0,0,0,0
44,0.23043,0.15974,0.14243,0.13721,0.16863,0.1041,0.18177,0.14935,0.1086,0.10118,0.10246,0.18116,0,0,0,0
45,4.9473,5.6541,5.2286,5.5517,5.7989,5.998,5.1715,5.8997,5.9911,5.6001,5.2464,5.7303,0,0,0,0
46,3.2378,3.3125,2.8196,2.8362,2.879,3.1313,2.6738,3.2642,3.3363,2.6924,3.145,3.1522,0,0,0,0
47,0.71994,0.66614,0.4447,0.61804,0.38485,0.47267,0.43563,0.48122,0.42411,0.45165,0.687,0.63768,0,0,0,0
48,2.72,2.2612,2.3422,2.3316,1.7109,2.3784,2.7112,2.6657,2.5587,2.5335,2.5439,2.6596,0,0,0,0
49,1.2075,1.1258,0.91694,0.92259,1.0007,1.0793,1.119,1.1341,1.128,0.92199,1.219,1.1741,0,0,0,0
50,0.51165,0.47403,0.27265,0.26289,0.34591,0.18722,0.38321,0.29146,0.1964,0.26106,0.34667,0.49136,0,0,0,0
51,4.9973,5.7991,5.3891,5.519,6.0222,5.8843,4.8342,5.977,6.2828,5.6612,5.0676,5.4729,0,0,0,0
52,1.4835,1.4135,1.1379,1.4317,1.2574,1.2745,1.1709,1.2234,1.2399,1.3147,1.3323,1.387,0,0,0,0
53,3.3528,3.4466,2.536,2.7028,2.6927,3.0696,2.3673,3.1141,3.267,2.5139,3.2306,3.1566,0,0,0,0
54,3.7095,2.9201,3.2814,3.6916,2.8652,3.2413,3.7186,3.4743,3.325,3.2587,3.3389,3.5766,0,0,0,0
55,0.64327,0.6355,0.32827,0.3456,0.41982,0.28702,0.63951,0.39623,0.26101,0.41903,0.60581,0.76726,0,0,0,0
56,2.8564,2.5816,2.5377,2.8068,2.6619,2.9582,2.6191,2.5718,2.9576,2.4436,2.5682,2.5027,0,0,0,0
57,1.2946,1.2111,0.95997,0.80613,1.0852,0.99265,1.0454,1.0743,0.99388,0.91794,1.158,1.128,0,0,0,0
58,2.8673,2.8844,3.4269,2.7027,2.8752,3.4213,2.9641,2.5085,2.7033,2.4888,2.9671,3.4315,0,0,0,0
59,4.5905,5.3445,4.8838,5.1536,5.3695,5.5055,4.9582,5.563,5.8454,4.9705,4.5449,4.6455,0,0,0,0
60,2.4942,2.3528,2.0426,2.1581,2.1489,2.1703,1.9762,1.9064,1.592,1.8643,2.0354,2.4375,0,0,0,0
61,1.6821,1.7189,1.1373,1.2418,1.438,1.5292,1.4672,1.688,1.7877,1.4878,1.7102,1.7059,0,0,0,0
62,2.4722,2.2083,2.0421,1.8561,2.2721,2.1966,1.9834,2.2163,1.9331,1.8195,2.4576,2.1617,0,0,0,0
63,4.2839,3.8421,4.0308,4.0204,4.0561,4.0701,4.4155,3.8937,4.0565,3.8808,3.9707,4.4965,0,0,0,0
64,4.5208,5.3881,4.5821,4.4717,5.287,5.2869,5.0478,5.2636,5.3306,4.6277,4.2094,3.8625,0,0,0,0
65,3.0145,3.1704,2.414,2.6342,2.9793,3.1675,2.7074,3.1363,3.1609,2.4814,3.0593,2.8837,0,0,0,0
66,0.67114,0.69649,0.47183,0.37574,0.49872,0.39683,0.72405,0.57175,0.4883,0.38988,0.65955,0.81404,0,0,0,0
67,2.0853,2.0781,2.0571,2.3038,2.1039,2.3915,1.7903,2.1466,2.3486,1.9264,1.8329,1.8929,0,0,0,0
68,1.4896,1.4106,1.015,0.97392,1.2597,1.1838,1.2753,1.2595,1.1724,1.0719,1.413,1.429,0,0,0,0
69,3.5451,3.2079,3.222,3.4029,3.3973,3.391,3.662,3.278,3.2727,3.1111,3.3064,3.5784,0,0,0,0
70,3.1411,3.5993,3.2237,3.34,3.7736,3.8347,3.6043,3.6199,3.7017,3.3525,2.903,2.8673,0,0,0,0
71,3.5334,3.5988,2.6411,2.9611,2.7856,3.2931,2.5822,3.2063,3.4055,2.3999,3.3354,3.3683,0,0,0,0
72,2.1657,2.0071,1.9588,1.7439,2.0351,2.1283,1.933,2.1572,1.7965,1.6729,2.3477,1.9145,0,0,0,0
73,3.4726,3.3397,3.1931,2.9851,3.2944,3.1618,3.2012,2.8601,3.0867,2.8822,3.1667,3.6238,0,0,0,0
74,3.1286,3.3323,2.7448,2.582,3.2164,3.0858,3.3298,3.3765,3.6335,2.959,3.2437,3.1911,0,0,0,0
75,4.3497,4.2424,3.6233,3.6631,3.8513,4.1102,3.7604,4.0285,4.1904,2.8948,3.925,3.9656,0,0,0,0
76,0.83704,0.7025,0.54527,0.96656,0.84604,0.91363,0.62748,0.70554,0.76417,0.71821,0.51784,0.76013,0,0,0,0
77,0.8387,0.76702,0.54208,0.43476,0.56891,0.42724,0.79979,0.6059,0.62033,0.66405,0.88747,0.97476,0,0,0,0
78,2.4798,2.5302,2.6785,2.5598,2.6958,2.3564,2.1533,2.3777,2.1812,2.2843,3.0146,2.1434,0,0,0,0
79,4.1474,3.9302,3.8543,3.57,3.9705,3.6036,3.5045,2.9138,3.2983,3.3543,3.6429,4.1778,0,0,0,0
80,3.7874,3.4893,2.4228,2.2229,3.0938,2.9287,3.7846,3.5725,3.6872,3.0508,3.6354,3.5605,0,0,0,0
81,4.3656,4.2861,3.127,3.4625,3.12,3.8476,2.9433,3.8107,3.6281,2.3604,3.8645,3.9622,0,0,0,0
82,0.61293,0.49539,0.41363,0.52021,0.53148,0.57805,0.41105,0.37443,0.4857,0.50405,0.36796,0.56493,0,0,0,0
83,1.9831,1.8236,1.5028,1.3604,1.7243,1.8002,1.7255,1.7623,1.5515,1.4006,2.0513,1.6259,0,0,0,0
84,3.2177,3.2083,2.8967,2.7999,2.955,3.0126,2.6353,2.3511,2.4073,2.4713,3.0333,3.1395,0,0,0,0
85,2.2956,1.8845,1.2206,1.0003,1.5523,1.3381,2.2362,1.8902,1.9635,1.6788,2.5666,2.3615,0,0,0,0
86,4.3128,4.4007,3.4944,3.6794,3.3676,3.8742,3.1527,3.8261,3.7744,2.5362,3.669,3.9724,0,0,0,0
87,1.8738,1.6276,1.3338,1.3016,1.5963,1.5903,1.6478,1.6417,1.4906,1.3523,1.9621,1.5922,0,0,0,0
88,4.2466,4.0669,4.2849,3.8676,4.3408,4.1166,3.6805,3.4066,3.8048,3.6544,4.0403,4.3479,0,0,0,0
89,2.6703,2.0639,1.5578,1.2407,1.7106,1.4104,2.3321,2.114,2.1491,1.9433,2.9427,2.6493,0,0,0,0
90,4.0446,4.1912,3.2682,3.5283,3.0787,3.762,2.7508,3.7218,3.2102,2.0042,3.5664,3.8869,0,0,0,0
91,1.6707,1.5457,1.2667,1.0893,1.4084,1.2005,1.6009,1.4334,1.4454,1.2785,1.6495,1.6759,0,0,0,0
92,2.3898,2.013,1.8038,1.7508,2.023,2.0202,1.9951,1.9639,1.8706,1.6728,2.4175,1.8652,0,0,0,0
93,3.3183,3.2904,3.5681,3.0845,3.5042,3.6939,3.3093,3.4682,3.1449,3.3819,3.6721,3.501,0,0,0,0
94,4.7939,4.9015,3.9842,4.3482,4.4895,5.25,5.4126,4.879,4.9715,4.3893,4.7396,4.8341,0,0,0,0
95,1.7422,1.5291,1.2112,1.2313,1.4271,1.2878,1.4298,1.4656,1.4059,1.3774,1.701,1.4601,0,0,0,0
96,3.8799,3.8293,2.7978,3.3054,2.9539,3.2562,3.0142,2.7003,2.4759,2.5524,2.6354,2.8422,0,0,0,0
97,0.5443,0.44112,0.28106,0.26496,0.40453,0.20625,0.44194,0.30854,0.33176,0.32877,0.27643,0.51858,0,0,0,0
98,0.27018,0.2145,0.12625,0.11431,0.12764,0.10014,0.12462,0.12722,0.092516,0.13969,0.24865,0.2865,0,0,0,0
99,2.8192,2.4882,2.6495,2.36,2.5818,2.5725,2.2011,1.973,1.9613,2.0776,2.5175,2.5768,0,0,0,0
100,1.3251,1.2409,1.2655,1.7141,1.2717,1.784,1.325,1.3438,1.3769,1.301,1.1268,1.2842,0,0,0,0
101,0.3433,0.18891,0.14538,0.14947,0.16094,0.19327,0.26239,0.12403,0.18196,0.13065,0.1231,0.24888,0,0,0,0
102,0.37016,0.28186,0.20672,0.19224,0.24239,0.15077,0.24799,0.21485,0.14534,0.14776,0.19296,0.46326,0,0,0,0
103,1.4531,1.1399,0.77929,0.67057,0.76963,0.68597,0.90208,0.97886,1.209,0.9992,1.487,1.5144,0,0,0,0
104,4.0023,4.1119,3.9534,3.5298,3.5235,4.0413,3.5524,3.5329,3.6004,2.7885,3.4261,3.7536,0,0,0,0
105,1.7829,1.6171,1.3211,1.3125,1.4679,1.5103,1.4918,1.4085,1.3937,1.2228,1.7065,1.4473,0,0,0,0
106,2.4572,1.6893,1.1905,1.0685,1.3247,1.1851,1.8084,1.7831,1.9018,1.6935,2.487,2.6407,0,0,0,0
107,4.3878,3.9988,4.3959,3.4818,3.7726,4.2293,4.0142,3.6033,3.9777,3.443,3.6045,3.776,0,0,0,0
108,2.548,2.2971,1.9656,1.8466,2.011,1.982,2.2383,2.0877,1.9356,1.9142,2.4804,2.1515,0,0,0,0
109,2.0111,1.7792,1.5772,1.5122,1.686,1.6658,1.5334,1.4806,1.5016,1.3682,1.836,1.488,0,0,0,0
110,3.73,3.1878,2.7722,2.4326,3.0367,2.8172,3.2451,3.7057,3.1539,2.9256,3.7182,3.8776,0,0,0,0
111,3.131,3.1207,2.8194,2.1149,2.3063,2.8943,2.4753,2.5838,2.3641,2.218,2.8212,2.8913,0,0,0,0
112,2.9638,2.5433,2.3959,2.2689,2.4919,2.4808,2.5847,2.5943,2.3034,2.36,3.0238,2.5665,0,0,0,0
113,2.1727,1.7874,1.6438,1.5437,1.5782,1.7,1.3045,1.3353,1.2592,1.1773,1.5807,1.3653,0,0,0,0
114,3.0156,2.8016,2.5286,2.2375,2.4475,2.5991,2.66,2.8959,2.4753,2.4906,3.0829,2.532,0,0,0,0
115,2.0301,1.7415,1.532,1.4313,1.5542,1.6115,1.522,1.5853,1.5358,1.2922,1.8013,1.5051,0,0,0,0
116,4.1441,4.1422,3.2625,2.9839,3.4977,3.6955,3.9982,4.4587,3.7294,3.4545,4.1104,4.238,0,0,0,0
117,3.5329,3.5102,3.4361,2.6988,3.1047,3.323,2.8344,2.5404,2.9054,2.5831,3.0939,3.5837,0,0,0,0
118,2.6933,2.5046,2.4108,2.2296,2.491,2.5078,2.4758,2.5068,2.2445,2.2227,2.9153,2.3775,0,0,0,0
119,2.4131,2.0212,1.8221,1.6592,1.839,1.8523,1.7849,1.9393,1.8868,1.6811,2.2254,1.7763,0,0,0,0
120,3.7619,3.8606,3.2397,2.8388,2.8037,3.2156,3.6031,4.3973,3.6278,3.3334,3.9077,4.148,0,0,0,0
121,2.846,2.6854,2.8007,2.4758,2.9384,2.8533,2.5648,2.7528,2.5047,2.5378,3.2537,2.6551,0,0,0,0
122,2.1227,1.7546,1.5175,1.393,1.6205,1.5791,1.6768,1.7267,1.5936,1.491,1.9956,1.6144,0,0,0,0
123,3.3597,3.3686,2.5389,2.5571,2.9956,3.0343,3.4963,3.8634,3.2099,3.0146,3.7154,3.6547,0,0,0,0
124,2.406,2.5098,2.6537,2.3858,2.6455,2.8513,2.5987,2.707,2.512,2.6233,3.027,2.7028,0,0,0,0
125,2.602,2.2542,2.2441,2.202,2.4609,2.4954,2.3804,2.4456,2.3014,2.2082,2.7527,2.113,0,0,0,0
126,1.8996,1.4946,0.84745,1.0697,1.221,1.4767,1.2957,1.5197,1.6882,1.2788,2.109,2.3453,0,0,0,0
127,3.763,3.4822,3.8839,3.3051,3.4137,3.7563,3.2383,3.3716,3.2616,3.0425,3.7345,4.3515,0,0,0,0
128,2.7825,2.9983,3.4389,3.0234,3.2929,3.6331,3.3572,3.2273,2.7542,3.3316,3.2764,3.2677,0,0,0,0
129,2.3635,2.3163,1.6691,1.6912,1.7924,2.0859,1.7205,1.9579,2.35,1.9037,2.6825,2.8219,0,0,0,0
130,3.2733,3.1549,3.11,2.8737,2.8647,3.2806,2.8244,2.6838,2.8265,2.4723,3.0325,3.629,0,0,0,0
131,1.6014,1.4316,1.2663,1.2574,1.4601,1.5438,1.4693,1.4991,1.3908,1.3874,1.6061,1.3915,0,0,0,0
132,3.0862,3.2514,2.909,2.8305,2.9087,3.0062,3.0957,3.1449,3.2625,2.7477,3.011,3.432,0,0,0,0
133,3.2099,3.0468,2.4097,2.7233,2.8003,3.05,2.6196,2.4128,2.4826,2.1489,2.7946,3.1587,0,0,0,0
134,3.4865,3.5272,3.6545,3.3067,3.9086,3.7406,3.5321,3.6963,3.3993,3.7178,3.7088,3.7763,0,0,0,0
135,3.8016,4.4551,3.0084,3.893,4.3614,4.0864,4.7149,4.1198,4.6705,4.0016,4.5511,4.6935,0,0,0,0
136,1.3929,1.2079,0.80524,0.83797,1.0566,0.77295,1.0712,0.9426,0.96373,0.94484,1.2001,1.313,0,0,0,0
137,3.0374,2.8803,2.3083,2.7167,2.5346,2.7296,2.608,2.497,2.3034,2.3903,2.6071,2.9327,0,0,0,0
138,0.85918,0.73583,0.4496,0.43614,0.7011,0.37335,0.86506,0.61759,0.66582,0.58077,0.59036,0.85756,0,0,0,0
139,2.3116,2.3759,2.2049,2.2447,2.2528,2.232,1.5369,1.7518,1.3108,1.9551,2.0872,2.3807,0,0,0,0
140,3.3922,2.7605,3.3605,3.0637,3.0528,3.4883,3.4025,3.0763,3.251,2.9718,2.8213,3.0913,0,0,0,0
141,0.489,0.29667,0.22845,0.20036,0.26108,0.34015,0.27302,0.18621,0.40791,0.21346,0.18347,0.40944,0,0,0,0
142,0.33453,0.20031,0.13466,0.14033,0.16128,0.14146,0.15736,0.16404,0.17529,0.15366,0.42125,0.3571,0,0,0,0
143,1.5026,1.2688,0.89043,1.0997,1.0778,1.0367,0.85036,1.1236,1.5285,1.0256,1.9473,1.9223,0,0,0,0
144,2.289,2.0362,1.421,1.4919,1.8244,1.7689,1.3869,1.3255,1.2928,1.1158,1.8445,2.0632,0,0,0,0
145,2.1835,1.976,1.9372,1.7668,2.1131,1.7607,2.0129,1.6208,2.2378,1.797,2.327,2.4798,0,0,0,0
146,1.8002,1.7807,1.2384,1.7675,2.0138,1.6091,1.4829,1.3696,2.2523,1.5888,2.9849,2.7843,0,0,0,0
147,2.0268,1.7682,1.0538,1.1866,1.5406,1.3277,0.93117,1.225,0.78881,0.90492,1.6285,1.6134,0,0,0,0
148,2.6982,2.652,1.8811,2.5462,3.0946,2.1668,2.1593,2.0093,3.0604,2.1337,3.6203,3.8333,0,0,0,0
149,2.9597,3.162,2.3844,2.6877,2.6773,2.7828,1.8788,2.5708,2.0938,2.2314,2.9563,2.8041,0,0,0,0
150,2.9906,3.0694,2.6572,2.8883,3.6287,2.9583,3.2045,2.6344,3.4091,2.7753,3.6251,3.8398,0,0,0,0
151,3.1918,2.9412,3.3402,3.2975,3.2302,3.6308,3.0436,2.998,3.053,2.8784,3.2324,3.4918,0,0,0,0
152,2.735,2.8038,2.0735,2.7444,3.2365,2.4619,2.4323,2.5581,3.1867,2.5468,3.5571,3.6957,0,0,0,0
153,1.6069,1.7705,1.2742,1.7016,1.9353,1.5335,0.99567,1.3817,1.9134,1.4316,2.3338,2.458,0,0,0,0
154,3.3308,3.5663,2.5912,3.349,3.0805,3.0882,2.2164,3.0897,2.4466,2.6699,3.3018,3.065,0,0,0,0
155,2.7286,2.87,2.6262,2.6979,3.3028,2.8857,2.7449,2.4096,3.0258,2.7236,3.0984,3.3308,0,0,0,0
156,3.0665,3.145,3.1992,3.3782,3.3438,3.4336,2.9016,3.2011,3.1691,2.9887,3.5601,3.7082,0,0,0,0
157,2.7937,3.0524,2.5419,2.9878,2.8958,2.9623,2.3972,2.9013,2.6139,2.6125,3.2049,3.3711,0,0,0,0
158,3.6824,3.7806,2.814,3.7607,4.2873,3.9572,3.2258,3.2657,4.1699,3.5135,4.2482,4.291,0,0,0,0
159,3.1554,3.067,3.3083,3.2023,3.654,3.5426,3.5391,3.1727,3.4214,3.1326,2.9134,3.4707,0,0,0,0
160,2.0687,2.2765,1.6068,2.1148,1.8701,1.9782,1.3939,1.9538,1.6504,1.8122,2.1354,2.1103,0,0,0,0
161,2.8671,2.6411,2.5022,2.3505,2.7077,2.5662,2.6521,2.8492,2.5744,2.4363,3.0012,2.6845,0,0,0,0
162,4.0056,4.8305,3.2463,3.8295,4.4608,4.0233,4.6626,4.2621,4.5455,3.9837,4.233,4.6492,0,0,0,0
163,1.2582,0.9812,0.60094,0.70202,0.8932,0.60655,0.90228,0.77887,0.8422,0.77205,1.0052,1.0848,0,0,0,0
164,2.2173,2.1251,1.7363,1.9455,1.853,2.0598,1.8796,1.7919,1.7601,1.7048,1.8793,2.102,0,0,0,0
165,2.5091,2.4327,2.0848,2.2449,2.3136,2.4153,2.1297,2.0902,1.887,2.1007,2.2661,2.5398,0,0,0,0
166,3.0342,2.5782,3.0944,2.6486,2.9341,3.2948,3.0392,2.6537,2.9123,2.6574,2.4763,2.7123,0,0,0,0
167,1.0547,0.90336,0.67194,0.69466,0.90579,0.65112,1.0726,0.89715,0.93714,0.80318,0.84387,1.0332,0,0,0,0
168,0.27261,0.1448,0.12898,0.11667,0.15324,0.16439,0.19419,0.13936,0.18496,0.1108,0.1004,0.20688,0,0,0,0
169,0.091444,0.081386,0.06659,0.069669,0.080536,0.067358,0.061368,0.06029,0.057582,0.058036,0.089109,0.10353,0,0,0,0
170,0.45826,0.34376,0.26689,0.26037,0.31964,0.23292,0.31456,0.28145,0.23257,0.25557,0.23039,0.31744,0,0,0,0
171,3.2364,3.5218,3.3168,3.2052,3.7759,3.6363,3.869,3.4834,3.6244,3.1787,3.1881,3.4408,0,0,0,0
172,3.4282,3.8509,3.6659,3.7221,3.7774,3.874,3.8719,3.5462,3.7743,3.3446,3.5016,3.4613,0,0,0,0
173,2.8892,3.0608,2.421,2.9207,3.1519,2.9161,2.7647,2.4019,3.3315,2.933,3.177,3.0782,0,0,0,0
174,2.2629,2.8126,1.7797,2.481,2.8531,2.2623,2.0153,1.944,3.1312,2.5903,3.2474,3.3261,0,0,0,0
175,1.3974,1.5133,1.3793,1.2722,1.3816,1.4545,1.5093,1.3625,1.3791,1.3409,1.1993,1.3422,0,0,0,0
176,2.9496,3.5988,2.0437,3.3166,3.8258,2.9772,3.4716,2.364,3.7981,3.4967,3.6864,3.9189,0,0,0,0
177,4.1195,4.4494,2.7279,4.0265,4.2301,4.2393,4.4115,3.2282,4.198,3.975,4.0337,4.2843,0,0,0,0
178,2.531,2.4475,2.0724,1.645,2.2229,1.9123,2.3684,2.1699,2.1803,2.0237,2.4128,2.5091,0,0,0,0
179,4.7395,5.1602,3.8525,4.4511,5.0036,5.2344,5.2517,4.8916,5.0073,4.6281,4.8224,4.9847,0,0,0,0
180,2.1034,2.0552,1.3016,2.0864,1.5974,2.0107,1.3122,1.6877,1.6562,1.7707,1.8912,1.8103,0,0,0,0
181,2.0776,1.6627,1.9902,1.7613,1.9284,1.9165,1.786,1.7926,1.5161,1.5709,1.7966,1.8866,0,0,0,0
182,1.052,0.85603,0.47709,0.58803,0.7256,0.48595,0.80572,0.6696,0.63566,0.60577,0.81355,1.0003,0,0,0,0
183,2.6356,2.4817,2.8676,2.5698,2.67,3.1027,2.5532,2.5203,2.6451,2.4745,2.0441,2.3705,0,0,0,0
184,1.3225,1.172,0.98283,1.0313,1.1752,1.0369,1.3411,1.2256,1.1826,1.0642,1.3263,1.2734,0,0,0,0
185,0.35467,0.18633,0.18184,0.13147,0.14702,0.20198,0.21256,0.13181,0.2268,0.15128,0.12901,0.23848,0,0,0,0
186,0.32896,0.27802,0.19403,0.17925,0.25984,0.13768,0.26761,0.21397,0.16694,0.14816,0.17932,0.30261,0,0,0,0
187,3.1165,3.0968,2.4981,2.1484,2.8297,2.5844,2.7643,2.8622,2.7388,2.5579,2.9878,3.0834,0,0,0,0
188,3.9089,4.2163,2.8969,3.6696,3.9024,3.9326,3.63,3.9549,4.1059,3.6608,4.0956,4.3334,0,0,0,0
189,1.5265,1.219,0.76836,0.79362,1.044,0.90735,1.184,1.0579,0.99899,0.88477,1.0962,1.2221,0,0,0,0
190,1.992,1.8861,0.91129,1.8538,1.1959,1.598,1.0099,1.4483,1.391,1.6625,1.823,1.4486,0,0,0,0
191,1.2777,1.1721,0.92898,0.98533,1.1997,0.95839,1.2347,1.1112,1.0787,1.0302,1.3722,1.2049,0,0,0,0
192,3.4719,2.7519,2.8945,2.8877,2.9071,2.997,3.1514,3.0107,2.723,2.6149,3.1191,3.0062,0,0,0,0
193,3.6777,3.1103,3.3249,3.1334,3.3752,3.3703,3.7323,3.3458,3.3627,3.4548,3.1914,3.086,0,0,0,0
194,0.31641,0.15824,0.12416,0.1122,0.14699,0.10212,0.26812,0.11345,0.14378,0.11379,0.078184,0.13519,0,0,0,0
195,4.2302,4.43,3.6817,3.3921,4.3221,4.1805,4.2063,4.357,4.0592,3.8741,4.3879,4.5708,0,0,0,0
196,5.1016,5.2499,3.9469,4.5112,5.1843,5.5014,5.2237,5.289,5.1824,4.8159,5.1492,5.1122,0,0,0,0
197,1.0035,0.90761,0.50828,0.58124,0.73786,0.48975,0.85077,0.65028,0.55971,0.58623,0.79051,1.0231,0,0,0,0
198,1.8274,1.8065,0.94064,1.6503,1.253,1.4867,0.91877,1.2821,1.363,1.5985,1.6949,1.4414,0,0,0,0
199,1.0235,0.89276,0.6811,0.59729,0.85618,0.62327,0.8795,0.80014,0.78845,0.78117,0.88284,0.9841,0,0,0,0
200,2.0971,1.5947,1.6264,1.8066,1.7371,1.7846,1.8431,2.0436,1.8138,1.7434,2.0242,1.8992,0,0,0,0
201,3.701,3.1161,3.3949,3.3008,3.4088,3.5742,3.7595,3.272,3.5917,3.4653,3.0734,2.9887,0,0,0,0
202,0.38573,0.21363,0.14889,0.10277,0.16317,0.18613,0.36153,0.13026,0.2201,0.21637,0.10815,0.2804,0,0,0,0
203,4.8304,4.8314,3.6836,4.2271,4.7126,4.9487,4.2001,4.5442,4.8695,4.2961,4.7847,4.8539,0,0,0,0
204,5.5632,5.8808,5.5311,5.2193,5.537,6.196,5.8114,6.5226,5.816,5.3426,5.6575,6.3011,0,0,0,0
205,1.1056,1.0165,0.69259,0.67408,0.84527,0.69381,0.95219,0.79442,0.69611,0.68494,0.98168,1.0631,0,0,0,0
206,0.24365,0.29942,0.14639,0.17694,0.21945,0.2084,0.15861,0.19781,0.15648,0.17751,0.28743,0.24831,0,0,0,0
207,2.6248,2.0683,2.0525,2.3411,2.1505,2.2541,2.3924,2.5658,2.3118,2.2044,2.4824,2.3257,0,0,0,0
208,4.0926,3.5118,3.7209,3.7953,3.9362,3.9331,4.3751,3.7694,4.0969,3.8091,3.7768,3.3927,0,0,0,0
209,0.4289,0.23502,0.16925,0.17075,0.25326,0.12525,0.38583,0.16254,0.14605,0.16024,0.092235,0.20859,0,0,0,0
210,5.1967,5.3288,3.8925,4.253,4.9118,5.1121,5.3201,5.2921,4.8494,4.5855,5.3502,5.4211,0,0,0,0
211,4.0171,4.0718,3.3719,3.7106,4.0364,4.1848,3.7194,4.0009,4.0962,3.597,3.9077,3.8878,0,0,0,0
212,1.1976,1.0669,0.72667,0.75273,0.91705,0.71297,1.0644,0.84705,0.77171,0.79345,1.1012,1.1991,0,0,0,0
213,3.1519,2.5533,2.564,2.9767,2.6072,2.7544,2.8982,3.0464,2.728,2.7224,2.9947,2.9679,0,0,0,0
214,1.7455,1.7932,1.8815,2.0346,1.8684,2.3409,1.6235,1.9465,1.9624,1.7358,1.5006,1.8151,0,0,0,0
215,0.60091,0.52797,0.37306,0.26962,0.47392,0.2914,0.49384,0.3972,0.38893,0.38572,0.40685,0.59663,0,0,0,0
216,0.3217,0.19844,0.12797,0.13275,0.19236,0.1428,0.34015,0.18106,0.16212,0.1551,0.10056,0.25628,0,0,0,0
217,0.48688,0.55908,0.55747,0.48293,0.51465,0.52393,0.66579,0.70803,0.64103,0.56757,0.5166,0.64316,0,0,0,0
218,-9999,-9999,-9999,-9999,-9999,-9999,-9999,-9999,-9999,-9999,-9999,-9999,-9999,-9999,-9999,-9999
